{"piano_RH": [[10, 0, 3, 124, 188], [4, 0, 3, 124, 177], [8, 0, 3, 124, 169], [11, 3, 1.5, 234, 188], [2, 3, 1.5, 234, 177], [10, 3, 1.5, 234, 159], [1, 6, 2, 310, 157], [9, 8, 0.6666, 390, 164], [8, 8.6666, 0.3333, 417, 194], [1, 11.6666, 1.333, 556, 183], [7, 11.6666, 1.333, 556, 167], [2, 11.6666, 1.333, 556, 154], [1, 16, 1.5, 746, 157], [4, 16, 1.5, 746, 148], [5, 21, 3, 938, 156], [10, 21, 3, 938, 143], [3, 24, 2, 1004, 159], [2, 24, 2, 1004, 135], [4, 26, 0.5, 1055, 157], [3, 26, 0.5, 1055, 132], [0, 26.5, 0.5, 1076, 139], [11, 27.5, 0.5, 1157, 186], [6, 28, 0.5, 1187, 172], [5, 28, 0.5, 1187, 146], [7, 31.5, 1, 1389, 170], [2, 34.25, 0.5, 1585, 133], [1, 34.75, 0.25, 1634, 162]], "piano_LH": [[0, 7, 0.5, 350, 276], [5, 7.5, 0.5, 370, 264], [4, 8, 1, 391, 240], [3, 12, 1.66666, 571, 266], [6, 13.6666, 0.6666, 642, 260], [5, 14.3333, 0.6666, 667, 208], [11, 17.5, 0.5, 770, 252], [9, 22, 3.5, 958, 285], [1, 25.5, 1.5, 1032, 276], [10, 28, 0.5, 1187, 256], [9, 28, 0.5, 1187, 226], [5, 32, 0.5, 1466, 263], [0, 32, 0.5, 1466, 248], [6, 32, 0.5, 1467, 238], [8, 34.3333, 0.3333, 1603, 284], [9, 34.6666, 0.3333, 1620, 255], [11, 35, 0.5, 1657, 242]], "cello": [[5, 0.5, 1, 140, 69], [3, 1.5, 0.5, 163, 73], [7, 2, 1.3333, 187, 93], [6, 3.3333, 0.66666, 259, 68], [11, 10, 0.5, 476, 46], [10, 10.5, 0.5, 496, 46], [9, 11, 0.5, 515, 75], [0, 15.5, 2.5, 727, 53], [8, 18, 2, 802, 32], [6, 20, 4, 890, 28], [7, 24, 3, 1005, 50], [2, 27.66666, 1.83333, 1188, 89], [0, 29.5, 0.5, 1295, 27], [8, 30, 0.5, 1318, 35], [1, 30.5, 0.5, 1338, 50], [10, 32.5, 1.5, 1486, 31]]}